交易日,投资者帐号,可用资金,期货结算准备金,经纪公司代码,资金差额,平仓盈亏,手续费,信用额度,当前保证金总额,投资者交割保证金,入金金额,交易所交割保证金,交易所保证金,冻结的资金,冻结的手续费,冻结的保证金,利息收入,利息基数,质押金额,持仓盈亏,上次结算准备金,上次信用额度,上次存款额,上次占用的保证金,上次质押金额,基本准备金,结算编号,出金金额,可取资金
20161115,031116,821320.8381,848378.457,9999,0,480.000000000005,44.493,0,19971.5,0,0,0,19971.5,0,6.1189,6600,0,0,0,-130,848072.95,0,846914.95,1158,0,0,1,0,575260.58667
20161115,031116,804124.0115,847137.4625,9999,0,490.000000000002,65.4875,0,31242.7,0,0,0,31242.7,0,10.951,11269.8,0,0,0,-1359.99999999998,848072.95,0,846914.95,1158,0,0,1,0,563229.80805
20161115,031116,794942.3519,853581.3519,9999,0,-139.999999999995,91.5981,0,52899,0,0,0,52899,0,0,0,0,0,0,5740,848072.95,0,846914.95,1158,0,0,1,0,560477.64633
20161115,031116,796004.8519,852908.3519,9999,0,-189.999999999995,94.5981,0,51783.5,0,0,0,51783.5,0,0,0,0,0,0,5120,848072.95,0,846914.95,1158,0,0,1,0,560787.39633
20161115,031116,795981.8519,852455.3519,9999,0,-209.999999999995,97.5981,0,51783.5,0,0,0,51783.5,0,0,0,0,0,0,4690,848072.95,0,846914.95,1158,0,0,1,0,560470.29633
20161115,031116,794384.7279,849324.2279,9999,0,-339.999999999995,108.7221,0,53239.5,0,0,0,53239.5,0,0,0,0,0,0,1700,848072.95,0,846914.95,1158,0,0,1,0,557259.30953
20161115,031116,831457.4279,848874.2279,9999,0,-2330,108.7221,0,14176.8,0,0,0,14176.8,0,0,0,0,0,0,3240,848072.95,0,846914.95,1158,0,0,1,0,584288.19953
20161117,031116,806813.75,844998.85,9999,0,0,0,0,36295.1,0,0,0,36295.1,0,0,0,0,0,0,1890,843108.85,0,806813.75,36295.1,0,0,1,0,566092.625
20161117,031116,825271.61085,843111.81085,9999,0,20,117.03915,0,17720.2,0,0,0,17720.2,0,0,0,0,0,0,100,843108.85,0,806813.75,36295.1,0,0,1,0,577774.127595
20161117,031116,825271.61085,843281.81085,9999,0,20,117.03915,0,17720.2,0,0,0,17720.2,0,0,0,0,0,0,270,843108.85,0,806813.75,36295.1,0,0,1,0,577893.127595
20161117,031116,838505.0889,844466.6889,9999,0,980.000000000001,132.1611,0,4471.6,0,0,0,4471.6,0,0,0,0,0,0,510,843108.85,0,806813.75,36295.1,0,0,1,0,587996.56223
20161117,031116,837346.5889,844695.1889,9999,0,980.000000000001,133.6611,0,5628.6,0,0,0,5628.6,0,0,0,0,0,0,740,843108.85,0,806813.75,36295.1,0,0,1,0,587346.61223
20161117,031116,837346.5889,844685.1889,9999,0,980.000000000001,133.6611,0,5628.6,0,0,0,5628.6,0,0,0,0,0,0,730,843108.85,0,806813.75,36295.1,0,0,1,0,587339.61223
20161117,031116,837346.5889,844195.1889,9999,0,980.000000000001,133.6611,0,5628.6,0,0,0,5628.6,0,0,0,0,0,0,240,843108.85,0,806813.75,36295.1,0,0,1,0,586996.61223
20161117,031116,838383.1889,843125.1889,9999,0,770.000000000001,133.6611,0,3972,0,0,0,3972,0,0,0,0,0,0,-620,843108.85,0,806813.75,36295.1,0,0,1,0,587407.23223
20161117,031116,841435.3234,843038.3234,9999,0,50.0000000000014,140.5266,0,1533,0,0,0,1533,0,0,0,0,0,0,20,843108.85,0,806813.75,36295.1,0,0,1,0,589053.72638
20161116,031116,848559.95,848559.95,9999,0,0,0,0,0,0,0,0,0,0,0,0,0,0,0,0,848559.95,0,848559.95,0,0,0,1,0,848559.95
20161117,031116,840194.8234,842936.8234,9999,0,50.0000000000014,142.0266,0,2692,0,0,0,2692,0,0,0,0,0,0,-80,843108.85,0,806813.75,36295.1,0,0,1,0,588171.37638
20161118,031116,834957.83405,842138.23405,9999,0,-200,8.96595,0,7180.4,0,0,0,7180.4,0,0,0,0,0,0,-460,842807.2,0,840131.2,2676,0,0,1,0,584470.483835
20161118,031116,835417.83405,843658.23405,9999,0,-200,8.96595,0,7180.4,0,0,0,7180.4,0,0,0,0,0,0,1060,842807.2,0,840131.2,2676,0,0,1,0,585534.483835
20161118,031116,835632.66905,844343.06905,9999,0,250,24.13095,0,7150.4,0,0,0,7150.4,0,0,0,0,0,0,1310,842807.2,0,840131.2,2676,0,0,1,0,586034.868335
20161117,031116,806813.75,849633.85,9999,0,0,0,0,36295.1,0,0,0,36295.1,0,0,0,0,0,0,6525,843108.85,0,806813.75,36295.1,0,0,1,0,569337.125
20161117,031116,806813.75,849653.85,9999,0,0,0,0,36295.1,0,0,0,36295.1,0,0,0,0,0,0,6545,843108.85,0,806813.75,36295.1,0,0,1,0,569351.125
20161117,031116,806813.75,849273.85,9999,0,0,0,0,36295.1,0,0,0,36295.1,0,0,0,0,0,0,6165,843108.85,0,806813.75,36295.1,0,0,1,0,569085.125
20161121,031116,834880.35,842025.05,9999,0,0,0,0,7144.7,0,0,0,7144.7,0,0,0,0,0,0,0,842025.05,0,834880.35,7144.7,0,0,1,0,584416.245
20161121,031116,819047.1276,849081.8276,9999,0,-240,23.2224,0,22714.7,0,0,0,22714.7,0,0,0,0,0,0,7320,842025.05,0,834880.35,7144.7,0,0,1,0,578456.98932
20161118,031116,839661.2,842337.2,9999,0,0,0,0,2676,0,0,0,2676,0,0,0,0,0,0,-470,842807.2,0,840131.2,2676,0,0,1,0,587762.84
20161121,031116,819188.0089,842745.2089,9999,0,860,249.8411,0,22587.2,0,0,0,22587.2,0,0,0,0,0,0,110,842025.05,0,834880.35,7144.7,0,0,1,0,574110.60623
20161121,031116,826268.8144,846043.1144,9999,0,390,261.9356,0,15494.3,0,0,0,15494.3,0,0,0,0,0,0,3890,842025.05,0,834880.35,7144.7,0,0,1,0,581384.17008
20161118,031116,839731.2,842407.2,9999,0,0,0,0,2676,0,0,0,2676,0,0,0,0,0,0,-400,842807.2,0,840131.2,2676,0,0,1,0,587811.84
20161118,031116,834511.80535,842058.40535,9999,0,-360,8.79465,0,7546.6,0,0,0,7546.6,0,0,0,0,0,0,-380,842807.2,0,840131.2,2676,0,0,1,0,584158.263745
20161118,031116,841928.40535,841928.40535,9999,0,-870,8.79465,0,0,0,0,0,0,0,0,0,0,0,0,0,842807.2,0,840131.2,2676,0,0,1,0,589349.883745
20161122,031116,827328.48,842871.48,9999,0,0,0,0,15543,0,0,0,15543,0,0,0,0,0,0,0,842871.48,0,827328.48,15543,0,0,1,0,579129.936
20161122,031116,838032.4062,845750.4062,9999,0,2080,11.0738,0,4828,0,0,0,4828,0,0,0,0,0,0,810,842871.48,0,827328.48,15543,0,0,1,0,588645.68434
20161122,031116,839447.4062,846228.9062,9999,0,2800,12.5738,0,3411.5,0,0,0,3411.5,0,0,0,0,0,0,570,842871.48,0,827328.48,15543,0,0,1,0,589972.18434
20161122,031116,839447.4062,846118.9062,9999,0,2800,12.5738,0,3411.5,0,0,0,3411.5,0,0,0,0,0,0,460,842871.48,0,827328.48,15543,0,0,1,0,589895.18434
20161122,031116,822858.81205,846208.51205,9999,0,2275,57.96795,0,19954.7,0,0,0,19954.7,0,0,0,0,0,0,1120,842871.48,0,827328.48,15543,0,0,1,0,578377.668435
20161122,031116,825445.264625,847452.264625,9999,0,4775,194.215375,0,17232,0,0,0,17232,0,0,0,0,0,0,0,842871.48,0,827328.48,15543,0,0,1,0,581154.1852375
20161122,031116,842656.106125,847366.106125,9999,0,4710,215.373875,0,0,0,0,0,0,0,0,0,0,0,0,0,842871.48,0,827328.48,15543,0,0,1,0,593156.2742875
20161122,031116,834196.938575,846884.338575,9999,0,4565,232.141425,0,8122.4,0,0,0,8122.4,0,0,0,0,0,0,-320,842871.48,0,827328.48,15543,0,0,1,0,587133.3570025
20161122,901200953,1,1,1080,0,0,0,0,0,0,0,0,0,0,0,0,0,0,0,0,1,0,1,0,0,0,1,0,1
20161122,031116,834456.938575,847144.338575,9999,0,4565,232.141425,0,8122.4,0,0,0,8122.4,0,0,0,0,0,0,-60,842871.48,0,827328.48,15543,0,0,1,0,587315.3570025
20161122,031116,834326.938575,847014.338575,9999,0,4565,232.141425,0,8122.4,0,0,0,8122.4,0,0,0,0,0,0,-190,842871.48,0,827328.48,15543,0,0,1,0,587224.3570025
20161121,031116,833310.35,840455.05,9999,0,0,0,0,7144.7,0,0,0,7144.7,0,0,0,0,0,0,-1570,842025.05,0,834880.35,7144.7,0,0,1,0,583317.245
20161121,031116,695671.82165,837847.37165,9999,0,-1510,132.67835,0,104264.25,0,0,0,104264.25,0,29.4,37881.9,0,0,0,-2535,842025.05,0,834880.35,7144.7,0,0,1,0,486970.275155
20161121,031116,648137.82165,836674.97165,9999,0,-2870,235.07835,0,188537.15,0,0,0,188537.15,0,0,0,0,0,0,-2245,842025.05,0,834880.35,7144.7,0,0,1,0,453696.475155
20161121,031116,645059.82165,840807.97165,9999,0,-2870,242.07835,0,193853.15,0,0,0,193853.15,0,0,0,0,0,0,1895,842025.05,0,834880.35,7144.7,0,0,1,0,452868.375155
20161121,031116,645059.82165,840517.97165,9999,0,-2870,242.07835,0,193853.15,0,0,0,193853.15,0,0,0,0,0,0,1605,842025.05,0,834880.35,7144.7,0,0,1,0,452665.375155
20161121,031116,645059.82165,839527.97165,9999,0,-2870,242.07835,0,193853.15,0,0,0,193853.15,0,0,0,0,0,0,615,842025.05,0,834880.35,7144.7,0,0,1,0,451972.375155
20161121,031116,644514.82165,838367.97165,9999,0,-2870,242.07835,0,193853.15,0,0,0,193853.15,0,0,0,0,0,0,-545,842025.05,0,834880.35,7144.7,0,0,1,0,451160.375155
20161121,031116,643914.82165,837767.97165,9999,0,-2870,242.07835,0,193853.15,0,0,0,193853.15,0,0,0,0,0,0,-1145,842025.05,0,834880.35,7144.7,0,0,1,0,450740.375155
20161121,031116,644434.82165,838287.97165,9999,0,-2870,242.07835,0,193853.15,0,0,0,193853.15,0,0,0,0,0,0,-625,842025.05,0,834880.35,7144.7,0,0,1,0,451104.375155
20161121,031116,644544.82165,838397.97165,9999,0,-2870,242.07835,0,193853.15,0,0,0,193853.15,0,0,0,0,0,0,-515,842025.05,0,834880.35,7144.7,0,0,1,0,451181.375155
20161123,031116,837800,845847.6,9999,0,0,0,0,8047.6,0,0,0,8047.6,0,0,0,0,0,0,0,845847.6,0,837800,8047.6,0,0,1,0,586460
20161121,031116,645059.82165,839737.97165,9999,0,-2870,242.07835,0,193853.15,0,0,0,193853.15,0,0,0,0,0,0,825,842025.05,0,834880.35,7144.7,0,0,1,0,452119.375155
20161121,031116,644764.82165,838617.97165,9999,0,-2870,242.07835,0,193853.15,0,0,0,193853.15,0,0,0,0,0,0,-295,842025.05,0,834880.35,7144.7,0,0,1,0,451335.375155
20161121,031116,669848.32165,836947.97165,9999,0,-3670,242.07835,0,167099.65,0,0,0,167099.65,0,0,0,0,0,0,-1165,842025.05,0,834880.35,7144.7,0,0,1,0,468893.825155
20161121,031116,670068.32165,835925.97165,9999,0,-3790,244.07835,0,165857.65,0,0,0,165857.65,0,0,0,0,0,0,-2065,842025.05,0,834880.35,7144.7,0,0,1,0,469047.825155
20161123,031116,839694.82415,845309.82415,9999,0,-719.999999999993,47.77585,0,5385,0,0,0,5385,0,0,0,0,0,0,230,845847.6,0,837800,8047.6,0,0,1,0,587947.376905
20161123,031116,829352.992075,841475.992075,9999,0,-3929.99999999999,556.607925,0,12008,0,0,0,12008,0,0,0,0,0,0,115,845847.6,0,837800,8047.6,0,0,1,0,580627.5944525
20161123,031116,829312.992075,841320.992075,9999,0,-3929.99999999999,556.607925,0,12008,0,0,0,12008,0,0,0,0,0,0,-40,845847.6,0,837800,8047.6,0,0,1,0,580519.0944525
20161123,031116,840660.02155,840660.02155,9999,0,-4604.99999999999,582.578449999999,0,0,0,0,0,0,0,0,0,0,0,0,0,845847.6,0,837800,8047.6,0,0,1,0,588462.015085
20161123,031116,830809.92155,840301.62155,9999,0,-4604.99999999999,590.978449999999,0,9491.7,0,0,0,9491.7,0,0,0,0,0,0,-350,845847.6,0,837800,8047.6,0,0,1,0,581566.945085
20161123,031116,832560.50205,840439.50205,9999,0,-4774.99999999999,593.097949999999,0,7879,0,0,0,7879,0,0,0,0,0,0,-40,845847.6,0,837800,8047.6,0,0,1,0,582792.351435
20161123,031116,832179.75205,840067.50205,9999,0,-4999.99999999999,595.097949999999,0,7887.75,0,0,0,7887.75,0,0,0,0,0,0,-185,845847.6,0,837800,8047.6,0,0,1,0,582525.826435
20161123,031116,832050.47315,839589.92315,9999,0,-5389.99999999999,602.676849999999,0,7539.45,0,0,0,7539.45,0,0,0,0,0,0,-265,845847.6,0,837800,8047.6,0,0,1,0,582435.331205
20161122,031116,827328.48,849231.48,9999,0,0,0,0,15543,0,0,0,15543,0,0,0,0,0,0,6360,842871.48,0,827328.48,15543,0,0,1,0,583581.936
20161124,031116,831266.12,838815.77,9999,0,0,0,0,7549.65,0,0,0,7549.65,0,0,0,0,0,0,0,838815.77,0,831266.12,7549.65,0,0,1,0,581886.284
20161124,031116,832488.84295,837960.59295,9999,0,-809.999999999989,45.17705,0,5471.75,0,0,0,5471.75,0,0,0,0,0,0,0,838815.77,0,831266.12,7549.65,0,0,1,0,582742.190065
20161124,031116,829435.29455,839181.29455,9999,0,520.000000000011,104.47545,0,9226,0,0,0,9226,0,0,0,0,0,0,-50,838815.77,0,831266.12,7549.65,0,0,1,0,580968.706185
20161124,031116,820393.53395,837832.23395,9999,0,-1409.99999999998,133.53605,0,16878.7,0,0,0,16878.7,0,0,0,0,0,0,560,838815.77,0,831266.12,7549.65,0,0,1,0,574667.473765
20161124,031116,821637.03395,838039.23395,9999,0,-1449.99999999998,136.53605,0,15592.2,0,0,0,15592.2,0,0,0,0,0,0,810,838815.77,0,831266.12,7549.65,0,0,1,0,575712.923765
20161123,031116,837800,848367.6,9999,0,0,0,0,8047.6,0,0,0,8047.6,0,0,0,0,0,0,2520,845847.6,0,837800,8047.6,0,0,1,0,588224
20161123,031116,826904.2772,848342.8272,9999,0,1060,14.7728,0,18928.55,0,0,0,18928.55,0,0,0,0,0,0,1450,845847.6,0,837800,8047.6,0,0,1,0,580589.99404
20161123,031116,829881.9107,848352.2607,9999,0,880,20.3393,0,15945.35,0,0,0,15945.35,0,0,0,0,0,0,1645,845847.6,0,837800,8047.6,0,0,1,0,582684.83749
20161123,031116,829881.9107,848367.2607,9999,0,880,20.3393,0,15945.35,0,0,0,15945.35,0,0,0,0,0,0,1660,845847.6,0,837800,8047.6,0,0,1,0,582695.33749
20161123,031116,829881.9107,848722.2607,9999,0,880,20.3393,0,15945.35,0,0,0,15945.35,0,0,0,0,0,0,2015,845847.6,0,837800,8047.6,0,0,1,0,582943.83749
20161123,031116,831553.5107,848637.2607,9999,0,720,20.3393,0,14273.75,0,0,0,14273.75,0,0,0,0,0,0,2090,845847.6,0,837800,8047.6,0,0,1,0,584054.45749
20161123,031116,831553.5107,848747.2607,9999,0,720,20.3393,0,14273.75,0,0,0,14273.75,0,0,0,0,0,0,2200,845847.6,0,837800,8047.6,0,0,1,0,584131.45749
20161123,031116,832493.5107,848615.7607,9999,0,830,21.8393,0,13332.25,0,0,0,13332.25,0,0,0,0,0,0,1960,845847.6,0,837800,8047.6,0,0,1,0,584698.45749
20161123,031116,832493.5107,848875.7607,9999,0,830,21.8393,0,13332.25,0,0,0,13332.25,0,0,0,0,0,0,2220,845847.6,0,837800,8047.6,0,0,1,0,584880.45749
20161123,031116,832493.5107,848795.7607,9999,0,830,21.8393,0,13332.25,0,0,0,13332.25,0,0,0,0,0,0,2140,845847.6,0,837800,8047.6,0,0,1,0,584824.45749
20161125,031116,821214.36,835011.06,9999,0,0,0,0,13796.7,0,0,0,13796.7,0,0,0,0,0,0,0,835011.06,0,821214.36,13796.7,0,0,1,0,574850.052
20161125,031116,834986.7991,836431.7991,9999,0,1445,24.2609,0,0,0,0,0,0,0,0,0,0,0,0,0,835011.06,0,821214.36,13796.7,0,0,1,0,585502.25937
20161125,031116,834970.1277,836350.1277,9999,0,1380,40.9323,0,0,0,0,0,0,0,0,0,0,0,0,0,835011.06,0,821214.36,13796.7,0,0,1,0,585445.08939
20161125,20051875,0,0,8080,0,0,0,0,0,0,0,0,0,0,0,0,0,0,0,0,0,0,0,0,0,0,1,0,0
20161125,901200953,1,1,1080,0,0,0,0,0,0,0,0,0,0,0,0,0,0,0,0,1,0,1,0,0,0,1,0,1
20161125,031116,817499.566975,836327.466975,9999,0,1440,88.593025,0,17387.9,0,0,0,17387.9,0,0,0,0,0,0,-34.9999999999927,835011.06,0,821214.36,13796.7,0,0,1,0,573257.6968825
20161125,031116,818770.274925,836052.524925,9999,0,759.999999999986,113.535075,0,16127.25,0,0,0,16127.25,0,0,0,0,0,0,395.000000000015,835011.06,0,821214.36,13796.7,0,0,1,0,573947.6924475
20161125,031116,834880.226175,835815.226175,9999,0,934.999999999986,130.833825,0,0,0,0,0,0,0,0,0,0,0,0,0,835011.06,0,821214.36,13796.7,0,0,1,0,585070.6583225
20161124,031116,831266.12,839365.77,9999,0,0,0,0,7549.65,0,0,0,7549.65,0,0,0,0,0,0,550,838815.77,0,831266.12,7549.65,0,0,1,0,582271.284
20161124,031116,822591.02275,839168.77275,9999,0,-540,21.99725,0,15662.75,0,0,0,15662.75,0,0,0,0,0,0,915,838815.77,0,831266.12,7549.65,0,0,1,0,576454.215925
20161124,031116,822591.02275,839328.77275,9999,0,-540,21.99725,0,15662.75,0,0,0,15662.75,0,0,0,0,0,0,1075,838815.77,0,831266.12,7549.65,0,0,1,0,576566.215925
20161124,031116,822591.02275,839393.77275,9999,0,-540,21.99725,0,15662.75,0,0,0,15662.75,0,0,0,0,0,0,1140,838815.77,0,831266.12,7549.65,0,0,1,0,576611.715925
20161124,031116,823382.2069,839218.3569,9999,0,545,52.4131,0,15291.15,0,0,0,15291.15,0,0,0,0,0,0,-90,838815.77,0,831266.12,7549.65,0,0,1,0,576749.04483
20161128,031116,835846.32,835846.32,9999,0,0,0,0,0,0,0,0,0,0,0,0,0,0,0,0,835846.32,0,835846.32,0,0,0,1,0,835846.32
20161125,031116,821214.36,838031.06,9999,0,0,0,0,13796.7,0,0,0,13796.7,0,0,0,0,0,0,3020,835011.06,0,821214.36,13796.7,0,0,1,0,576964.052
20161125,031116,831557.6005,837976.6005,9999,0,2500,14.4595,0,3439,0,0,0,3439,0,0,0,0,0,0,480,835011.06,0,821214.36,13796.7,0,0,1,0,584176.32035
20161125,031116,811024.4869,837344.0869,9999,0,2720,46.9731,0,23599.6,0,0,0,23599.6,0,0,0,0,0,0,-340,835011.06,0,821214.36,13796.7,0,0,1,0,569621.14083
20161125,031116,811094.4869,837414.0869,9999,0,2720,46.9731,0,23599.6,0,0,0,23599.6,0,0,0,0,0,0,-270,835011.06,0,821214.36,13796.7,0,0,1,0,569670.14083
20161128,031116,810226.32,835616.32,9999,0,0,30,0,25390,0,0,0,25390,0,0,0,0,0,0,-200,835846.32,0,835846.32,0,0,0,1,0,567158.424
20161128,031116,810426.32,837016.32,9999,0,0,30,0,25390,0,0,0,25390,0,0,0,0,0,0,1200,835846.32,0,835846.32,0,0,0,1,0,568138.424
20161130,031116,802040.99,827780.99,9999,0,0,0,0,25740,0,0,0,25740,0,0,0,0,0,0,0,827780.99,0,802040.99,25740,0,0,1,0,561428.693
20161130,031116,827720.99,837320.99,9999,0,9600,60,0,0,0,0,0,0,0,0,0,0,0,0,0,827780.99,0,802040.99,25740,0,0,1,0,586124.693
20161130,031116,810274.364,835878.364,9999,0,8300,102.626,0,17304,0,0,0,17304,0,0,0,0,0,0,-100,827780.99,0,802040.99,25740,0,0,1,0,573002.0548
20161130,20051875,0,0,8080,0,0,0,0,0,0,0,0,0,0,0,0,0,0,0,0,0,0,0,0,0,0,1,0,0
20161130,901200953,1,1,1080,0,0,0,0,0,0,0,0,0,0,0,0,0,0,0,0,1,0,1,0,0,0,1,0,1
20161130,031116,827648.364,833048.364,9999,0,5400,132.626,0,0,0,0,0,0,0,0,0,0,0,0,0,827780.99,0,802040.99,25740,0,0,1,0,583133.8548
20161130,031116,809472.7425,835734.7425,9999,0,5400,146.2475,0,18162,0,0,0,18162,0,0,0,0,0,0,2700,827780.99,0,802040.99,25740,0,0,1,0,572300.91975
20161201,031116,813494.74,831734.74,9999,0,0,0,0,18240,0,0,0,18240,0,0,0,0,0,0,0,831734.74,0,813494.74,18240,0,0,1,0,569446.318
20161201,031116,804635.8295,804635.8295,9999,0,-26500,598.9105,0,0,0,0,0,0,0,0,0,0,0,0,0,831734.74,0,813494.74,18240,0,0,1,0,563245.08065
20161201,031116,789035.8295,789035.8295,9999,0,-41699.9999999999,998.9105,0,0,0,0,0,0,0,0,0,0,0,0,0,831734.74,0,813494.74,18240,0,0,1,0,552325.08065
20161201,031116,766147.3523,788043.3523,9999,0,-42419.9999999999,1071.3877,0,21896,0,0,0,21896,0,0,0,0,0,0,-200.000000000029,831734.74,0,813494.74,18240,0,0,1,0,536303.14661
20161201,031116,736527.3983,792415.3983,9999,0,-43419.9999999999,1139.3417,0,50648,0,0,0,50648,0,0,0,0,0,0,5240.00000000003,831734.74,0,813494.74,18240,0,0,1,0,519237.17881
20161130,031116,802040.99,852580.99,9999,0,0,0,0,25740,0,0,0,25740,0,0,0,0,0,0,24800,827780.99,0,802040.99,25740,0,0,1,0,578788.693
20161202,031116,756915.52,788241.52,9999,0,0,0,0,31326,0,0,0,31326,0,0,0,0,0,0,0,788241.52,0,756915.52,31326,0,0,1,0,529840.864
20161202,031116,752810.2804,784411.3554,9999,0,-6319.99999999994,270.1646,0,23918,0,0,0,23918,0,3.075,4920,0,0,0,2760.00000000003,788241.52,0,756915.52,31326,0,0,1,0,528899.19628
20161202,031116,710095.2096,783376.2846,9999,0,-9319.99999999994,505.2354,0,63398,0,0,0,63398,0,3.075,4920,0,0,0,4960.00000000003,788241.52,0,756915.52,31326,0,0,1,0,500538.64672
20161205,031116,759336.38,779008.78,9999,0,0,0,0,19672.4,0,0,0,19672.4,0,0,0,0,0,0,0,779008.78,0,759336.38,19672.4,0,0,1,0,531535.466
20161205,031116,752906.4868,777892.8868,9999,0,-1280,155.8932,0,24666.4,0,0,0,24666.4,0,0,0,0,0,0,320,779008.78,0,759336.38,19672.4,0,0,1,0,527258.54076
20161205,031116,775177.8312,775177.8312,9999,0,-3640,190.9488,0,0,0,0,0,0,0,0,0,0,0,0,0,779008.78,0,759336.38,19672.4,0,0,1,0,542624.48184
20161205,031116,775085.8312,775085.8312,9999,0,-3720,202.9488,0,0,0,0,0,0,0,0,0,0,0,0,0,779008.78,0,759336.38,19672.4,0,0,1,0,542560.08184
20161205,031116,752101.7072,777690.5072,9999,0,-2360,238.2728,0,24308.8,0,0,0,24308.8,0,0,0,0,0,0,1280,779008.78,0,759336.38,19672.4,0,0,1,0,527367.19504
20161205,031116,744492.8048,778004.8048,9999,0,-2360,243.9752,0,31912,0,0,0,31912,0,0,0,0,0,0,1600,779008.78,0,759336.38,19672.4,0,0,1,0,522264.96336
20161205,031116,777472.8048,777472.8048,9999,0,-1280,255.9752,0,0,0,0,0,0,0,0,0,0,0,0,0,779008.78,0,759336.38,19672.4,0,0,1,0,544230.96336
20161205,031116,769921.5114,777375.1114,9999,0,-1360,273.6686,0,0,0,0,0,0,0,5.6,7448,0,0,0,0,779008.78,0,759336.38,19672.4,0,0,1,0,538945.05798
20161205,031116,762407.2798,777314.4798,9999,0,-1400,294.3002,0,0,0,0,0,0,0,11.2,14896,0,0,0,0,779008.78,0,759336.38,19672.4,0,0,1,0,533685.09586
20161205,031116,730173.441,776727.841,9999,0,-1400,320.939,0,24193.6,0,0,0,24193.6,0,16.8,22344,0,0,0,-560,779008.78,0,759336.38,19672.4,0,0,1,0,511121.4087
20161205,031116,746782.8112,776597.2112,9999,0,-2040,371.5688,0,0,0,0,0,0,0,22.4,29792,0,0,0,0,779008.78,0,759336.38,19672.4,0,0,1,0,522747.96784
20161205,031116,704463.3496,774962.5496,9999,0,-2040,446.2304,0,70499.2,0,0,0,70499.2,0,0,0,0,0,0,-1560,779008.78,0,759336.38,19672.4,0,0,1,0,493124.34472
20161205,031116,705223.3496,775722.5496,9999,0,-2040,446.2304,0,70499.2,0,0,0,70499.2,0,0,0,0,0,0,-800,779008.78,0,759336.38,19672.4,0,0,1,0,493656.34472
20161205,031116,706023.3496,776802.5496,9999,0,-2040,446.2304,0,70499.2,0,0,0,70499.2,0,0,0,0,0,0,280,779008.78,0,759336.38,19672.4,0,0,1,0,494412.34472
20161205,031116,706023.3496,776882.5496,9999,0,-2040,446.2304,0,70499.2,0,0,0,70499.2,0,0,0,0,0,0,360,779008.78,0,759336.38,19672.4,0,0,1,0,494468.34472
20161205,031116,698569.7496,778162.5496,9999,0,-2040,446.2304,0,70499.2,0,0,0,70499.2,0,5.6,7448,0,0,0,1640,779008.78,0,759336.38,19672.4,0,0,1,0,490146.82472
20161205,031116,697223.7496,778670.5496,9999,0,-3440,458.2304,0,70433.2,0,0,0,70433.2,0,5.6,7448,0,0,0,3560,779008.78,0,759336.38,19672.4,0,0,1,0,490548.62472
20161205,031116,704677.3496,778230.5496,9999,0,-3440,458.2304,0,70433.2,0,0,0,70433.2,0,0,0,0,0,0,3120,779008.78,0,759336.38,19672.4,0,0,1,0,495458.14472
20161202,031116,756915.52,795921.52,9999,0,0,0,0,31326,0,0,0,31326,0,0,0,0,0,0,7680.00000000003,788241.52,0,756915.52,31326,0,0,1,0,535216.864
20161202,031116,711242.0316,793929.6316,9999,0,640,111.8884,0,76887.6,0,0,0,76887.6,0,0,0,0,0,0,5160,788241.52,0,756915.52,31326,0,0,1,0,501929.42212
20161206,031116,770066.56,770066.56,9999,0,0,0,0,0,0,0,0,0,0,0,0,0,0,0,0,770066.56,0,770066.56,0,0,0,1,0,770066.56
20161206,031116,756475.1648,756475.1648,9999,0,-12280,1311.3952,0,0,0,0,0,0,0,0,0,0,0,0,0,770066.56,0,770066.56,0,0,0,1,0,529532.61536
20161206,031116,753582.8384,753582.8384,9999,0,-14960,1523.7216,0,0,0,0,0,0,0,0,0,0,0,0,0,770066.56,0,770066.56,0,0,0,1,0,527507.98688
20161206,031116,753361.2384,753361.2384,9999,0,-15120,1585.3216,0,0,0,0,0,0,0,0,0,0,0,0,0,770066.56,0,770066.56,0,0,0,1,0,527352.86688
20161206,031116,754263.9842,754263.9842,9999,0,-14120,1682.5758,0,0,0,0,0,0,0,0,0,0,0,0,0,770066.56,0,770066.56,0,0,0,1,0,527984.78894
20161206,031116,733973.7836,754479.7836,9999,0,-14360,1826.7764,0,19906,0,0,0,19906,0,0,0,0,0,0,600,770066.56,0,770066.56,0,0,0,1,0,514201.64852
20161206,031116,754852.3966,754852.3966,9999,0,-13360,1854.1634,0,0,0,0,0,0,0,0,0,0,0,0,0,770066.56,0,770066.56,0,0,0,1,0,528396.67762
20161206,031116,754646.3966,754646.3966,9999,0,-13560,1860.1634,0,0,0,0,0,0,0,0,0,0,0,0,0,770066.56,0,770066.56,0,0,0,1,0,528252.47762
20161206,031116,754874.6078,754874.6078,9999,0,-13320,1871.9522,0,0,0,0,0,0,0,0,0,0,0,0,0,770066.56,0,770066.56,0,0,0,1,0,528412.22546
20161206,031116,752656.6076,752656.6076,9999,0,-15480,1929.9524,0,0,0,0,0,0,0,0,0,0,0,0,0,770066.56,0,770066.56,0,0,0,1,0,526859.62532
20161205,031116,759336.38,786248.78,9999,0,0,0,0,19672.4,0,0,0,19672.4,0,0,0,0,0,0,7240,779008.78,0,759336.38,19672.4,0,0,1,0,536603.466
20161205,031116,771869.58,785921.98,9999,0,1880,46.8,0,7092.4,0,0,0,7092.4,0,0,0,0,0,0,5080,779008.78,0,759336.38,19672.4,0,0,1,0,545180.706
20161205,031116,768696.78,786063.18,9999,0,2000,65.6,0,10246.4,0,0,0,10246.4,0,0,0,0,0,0,5120,779008.78,0,759336.38,19672.4,0,0,1,0,543071.746
20161207,031116,752656.64,752656.64,9999,0,0,0,0,0,0,0,0,0,0,0,0,0,0,0,0,752656.64,0,752656.64,0,0,0,1,0,752656.64
20161207,031116,740616.8114,740616.8114,9999,0,-10840,1199.8286,0,0,0,0,0,0,0,0,0,0,0,0,0,752656.64,0,752656.64,0,0,0,1,0,518431.76798
20161207,031116,738840.5714,738840.5714,9999,0,-12200,1616.0686,0,0,0,0,0,0,0,0,0,0,0,0,0,752656.64,0,752656.64,0,0,0,1,0,517188.39998
20161207,031116,737689.853,737689.853,9999,0,-13160,1806.787,0,0,0,0,0,0,0,0,0,0,0,0,0,752656.64,0,752656.64,0,0,0,1,0,516382.8971
20161207,031116,736523.493,736523.493,9999,0,-14240,1893.147,0,0,0,0,0,0,0,0,0,0,0,0,0,752656.64,0,752656.64,0,0,0,1,0,515566.4451
20161207,031116,734017.1174,734017.1174,9999,0,-16400,2239.5226,0,0,0,0,0,0,0,0,0,0,0,0,0,752656.64,0,752656.64,0,0,0,1,0,513811.98218
20161207,031116,692677.3814,735551.7814,9999,0,-14200,3064.8586,0,42714.4,0,0,0,42714.4,0,0,0,0,0,0,160,752656.64,0,752656.64,0,0,0,1,0,484986.16698
20161207,031116,735083.2454,735083.2454,9999,0,-14240,3333.3946,0,0,0,0,0,0,0,0,0,0,0,0,0,752656.64,0,752656.64,0,0,0,1,0,514558.27178
20161207,031116,734458.5914,734458.5914,9999,0,-14720,3478.0486,0,0,0,0,0,0,0,0,0,0,0,0,0,752656.64,0,752656.64,0,0,0,1,0,514121.01398
20161207,031116,731175.7914,734343.7914,9999,0,-14840,3512.8486,0,3128,0,0,0,3128,0,0,0,0,0,0,40,752656.64,0,752656.64,0,0,0,1,0,511851.05398
20161207,031116,734183.7914,734183.7914,9999,0,-14960,3512.8486,0,0,0,0,0,0,0,0,0,0,0,0,0,752656.64,0,752656.64,0,0,0,1,0,513928.65398
20161207,031116,733436.2374,733436.2374,9999,0,-15640,3580.4026,0,0,0,0,0,0,0,0,0,0,0,0,0,752656.64,0,752656.64,0,0,0,1,0,513405.36618
20161207,031116,728028.2374,733258.2374,9999,0,-15800,3598.4026,0,5230,0,0,0,5230,0,0,0,0,0,0,0,752656.64,0,752656.64,0,0,0,1,0,509619.76618
20161208,031116,727902.32,733138.32,9999,0,0,0,0,5236,0,0,0,5236,0,0,0,0,0,0,0,733138.32,0,727902.32,5236,0,0,1,0,509531.624
20161208,031116,681648.0132,724034.0132,9999,0,-9640,1464.3068,0,40386,0,0,0,40386,0,0,0,0,0,0,2000,733138.32,0,727902.32,5236,0,0,1,0,478553.60924
20161208,031116,706376.2652,724492.6652,9999,0,-7440,1765.6548,0,17556.4,0,0,0,17556.4,0,0,0,0,0,0,560,733138.32,0,727902.32,5236,0,0,1,0,494855.38564
20161208,031116,689258.7714,721972.7714,9999,0,-9480,2205.5486,0,32194,0,0,0,32194,0,0,0,0,0,0,520,733138.32,0,727902.32,5236,0,0,1,0,482845.13998
20161208,031116,707098.679,721588.679,9999,0,-9520,2229.641,0,14290,0,0,0,14290,0,0,0,0,0,0,200,733138.32,0,727902.32,5236,0,0,1,0,495109.0753
20161208,031116,707098.679,722108.679,9999,0,-9520,2229.641,0,14290,0,0,0,14290,0,0,0,0,0,0,720,733138.32,0,727902.32,5236,0,0,1,0,495473.0753
20161208,031116,722228.679,722228.679,9999,0,-8680,2229.641,0,0,0,0,0,0,0,0,0,0,0,0,0,733138.32,0,727902.32,5236,0,0,1,0,505560.0753
20161208,031116,716503.0292,721781.0292,9999,0,-9120,2277.2908,0,5238,0,0,0,5238,0,0,0,0,0,0,40,733138.32,0,727902.32,5236,0,0,1,0,501580.12044
20161207,031116,749521.84,752651.84,9999,0,0,4.8,0,3130,0,0,0,3130,0,0,0,0,0,0,0,752656.64,0,752656.64,0,0,0,1,0,524665.288
20161207,031116,713119.444,752506.644,9999,0,-80,69.996,0,39387.2,0,0,0,39387.2,0,0,0,0,0,0,0,752656.64,0,752656.64,0,0,0,1,0,499183.6108
20161207,031116,684079.0608,745719.8608,9999,0,-5440,696.7792,0,61640.8,0,0,0,61640.8,0,0,0,0,0,0,-800,752656.64,0,752656.64,0,0,0,1,0,478855.34256
20161207,031116,683435.0608,745055.8608,9999,0,-5920,720.7792,0,61620.8,0,0,0,61620.8,0,0,0,0,0,0,-960,752656.64,0,752656.64,0,0,0,1,0,478404.54256
20161207,031116,704367.0608,744335.8608,9999,0,-7120,720.7792,0,39968.8,0,0,0,39968.8,0,0,0,0,0,0,-480,752656.64,0,752656.64,0,0,0,1,0,493056.94256
20161207,031116,663004.8368,742647.2368,9999,0,-7920,889.4032,0,79642.4,0,0,0,79642.4,0,0,0,0,0,0,-1200,752656.64,0,752656.64,0,0,0,1,0,464103.38576
20161207,031116,663564.8368,743207.2368,9999,0,-7920,889.4032,0,79642.4,0,0,0,79642.4,0,0,0,0,0,0,-640,752656.64,0,752656.64,0,0,0,1,0,464495.38576
20161209,031116,716427.01,721661.01,9999,0,0,0,0,5234,0,0,0,5234,0,0,0,0,0,0,0,721661.01,0,716427.01,5234,0,0,1,0,501498.907
20161209,031116,705839.3768,719472.9768,9999,0,-1600,748.0332,0,13473.6,0,0,0,13473.6,0,0,0,0,0,0,160,721661.01,0,716427.01,5234,0,0,1,0,494199.56376
20161209,031116,717436.1768,717436.1768,9999,0,-3360,864.8332,0,0,0,0,0,0,0,0,0,0,0,0,0,721661.01,0,716427.01,5234,0,0,1,0,502205.32376
20161209,031116,709856.1408,717260.1408,9999,0,-3440,960.8692,0,7404,0,0,0,7404,0,0,0,0,0,0,0,721661.01,0,716427.01,5234,0,0,1,0,496899.29856
20161209,031116,714872.7836,714872.7836,9999,0,-5520,1268.2264,0,0,0,0,0,0,0,0,0,0,0,0,0,721661.01,0,716427.01,5234,0,0,1,0,500410.94852
20161208,031116,727742.32,732978.32,9999,0,0,0,0,5236,0,0,0,5236,0,0,0,0,0,0,-160,733138.32,0,727902.32,5236,0,0,1,0,509419.624
20161208,031116,727702.32,732938.32,9999,0,0,0,0,5236,0,0,0,5236,0,0,0,0,0,0,-200,733138.32,0,727902.32,5236,0,0,1,0,509391.624
20161208,031116,727662.32,732898.32,9999,0,0,0,0,5236,0,0,0,5236,0,0,0,0,0,0,-240,733138.32,0,727902.32,5236,0,0,1,0,509363.624
20161208,031116,732886.32,732886.32,9999,0,-240,12,0,0,0,0,0,0,0,0,0,0,0,0,0,733138.32,0,727902.32,5236,0,0,1,0,513020.424
20161212,031116,646437.13,711830.73,9999,0,0,0,0,65393.6,0,0,0,65393.6,0,0,0,0,0,0,0,711830.73,0,636877.13,74953.6,0,0,1,0,452505.991
20161209,031116,716427.01,726181.01,9999,0,0,0,0,5234,0,0,0,5234,0,0,0,0,0,0,4520,721661.01,0,716427.01,5234,0,0,1,0,504662.907
20161209,031116,721649.01,726169.01,9999,0,4520,12,0,0,0,0,0,0,0,0,0,0,0,0,0,721661.01,0,716427.01,5234,0,0,1,0,508318.307
20161212,031116,624496.6672,698691.0672,9999,0,-13040,899.6628,0,73394.4,0,0,0,73394.4,0,0,0,0,0,0,800,711830.73,0,636877.13,74953.6,0,0,1,0,437707.66704
20161212,031116,699768.7912,699768.7912,9999,0,-11120,941.9388,0,0,0,0,0,0,0,0,0,0,0,0,0,711830.73,0,636877.13,74953.6,0,0,1,0,489838.15384
20161209,031116,716427.01,724861.01,9999,0,0,0,0,5234,0,0,0,5234,0,0,0,0,0,0,3200,721661.01,0,716427.01,5234,0,0,1,0,503738.907
20161209,031116,721649.01,724889.01,9999,0,3240,12,0,0,0,0,0,0,0,0,0,0,0,0,0,721661.01,0,716427.01,5234,0,0,1,0,507422.307
20161213,031116,699768.79,699768.79,9999,0,0,0,0,0,0,0,0,0,0,0,0,0,0,0,0,699768.79,0,699768.79,0,0,0,1,0,699768.79
20161213,031116,634123.4276,696049.0276,9999,0,-1200,119.7624,0,61925.6,0,0,0,61925.6,0,0,0,0,0,0,-2400,699768.79,0,699768.79,0,0,0,1,0,443886.39932
20161213,031116,698414.4836,698414.4836,9999,0,-1040,314.3064,0,0,0,0,0,0,0,0,0,0,0,0,0,699768.79,0,699768.79,0,0,0,1,0,488890.13852
20161213,031116,609628.9416,697657.7416,9999,0,1120,671.0484,0,86908.8,0,0,0,86908.8,0,0,0,0,0,0,-2560,699768.79,0,699768.79,0,0,0,1,0,427524.25912
20161213,031116,633653.4396,694251.4396,9999,0,-3700,817.3504,0,60598,0,0,0,60598,0,0,0,0,0,0,-1000,699768.79,0,699768.79,0,0,0,1,0,443557.40772
20161212,031116,636997.13,702390.73,9999,0,0,0,0,65393.6,0,0,0,65393.6,0,0,0,0,0,0,-9440,711830.73,0,636877.13,74953.6,0,0,1,0,445897.991
20161214,031116,633870.44,694451.44,9999,0,0,0,0,60581,0,0,0,60581,0,0,0,0,0,0,0,694451.44,0,633870.44,60581,0,0,1,0,443709.308
20161214,031116,658255.292,702025.292,9999,0,-500,226.148,0,35470,0,0,0,35470,0,0,0,0,0,0,8300,694451.44,0,633870.44,60581,0,0,1,0,466588.7044
20161214,031116,664345.642,701789.642,9999,0,6600,361.798,0,29744,0,0,0,29744,0,0,0,0,0,0,1100,694451.44,0,633870.44,60581,0,0,1,0,470431.9494
20161215,031116,653614.08,701082.08,9999,0,0,0,0,47468,0,0,0,47468,0,0,0,0,0,0,0,701082.08,0,653614.08,47468,0,0,1,0,457529.856
20161215,031116,589321.0835,691952.0835,9999,0,5100,429.9965,0,97531,0,0,0,97531,0,0,0,0,0,0,-13800,701082.08,0,653614.08,47468,0,0,1,0,416094.75845
20161215,031116,601456.6195,698155.6195,9999,0,5200,526.4605,0,91499,0,0,0,91499,0,0,0,0,0,0,-7600,701082.08,0,653614.08,47468,0,0,1,0,424659.63365
20161215,031116,623694.6195,696655.6195,9999,0,1400,526.4605,0,71561,0,0,0,71561,0,0,0,0,0,0,-5300,701082.08,0,653614.08,47468,0,0,1,0,437566.23365
20161215,031116,695910.6195,695910.6195,9999,0,-4600,571.4605,0,0,0,0,0,0,0,0,0,0,0,0,0,701082.08,0,653614.08,47468,0,0,1,0,487137.43365
20161215,031116,635772.2205,695160.2205,9999,0,-4100,721.8595,0,59388,0,0,0,59388,0,0,0,0,0,0,-1100,701082.08,0,653614.08,47468,0,0,1,0,445040.55435
20161214,031116,633870.44,709851.44,9999,0,0,0,0,60581,0,0,0,60581,0,0,0,0,0,0,15400,694451.44,0,633870.44,60581,0,0,1,0,454489.308
20161214,031116,694414.984,709614.984,9999,0,15200,36.456,0,0,0,0,0,0,0,0,0,0,0,0,0,694451.44,0,633870.44,60581,0,0,1,0,496730.4888
20161214,031116,686535.984,709190.984,9999,0,15000,60.456,0,7655,0,0,0,7655,0,0,0,0,0,0,-200,694451.44,0,633870.44,60581,0,0,1,0,491075.1888
20161216,031116,622808.51,692901.51,9999,0,0,0,0,70093,0,0,0,70093,0,0,0,0,0,0,0,692901.51,0,622808.51,70093,0,0,1,0,435965.957
20161216,031116,578055.74,694045.74,9999,0,2600,155.77,0,113390,0,0,0,113390,0,0,0,0,0,0,-1300,692901.51,0,622808.51,70093,0,0,1,0,406459.018
20161216,031116,685276.5235,690079.5235,9999,0,-2500,321.9865,0,0,0,0,0,0,0,2.99999999999999,4800,0,0,0,0,692901.51,0,622808.51,70093,0,0,1,0,479693.56645
20161216,031116,647389.3975,691049.3975,9999,0,-2500,352.1125,0,42660,0,0,0,42660,0,0,0,0,0,0,1000,692901.51,0,622808.51,70093,0,0,1,0,453872.57825
20161216,031116,684311.81185,691297.88235,9999,0,-1300,353.62765,0,2020.2,0,0,0,2020.2,0,3.0705,4912.8,0,0,0,50,692901.51,0,622808.51,70093,0,0,1,0,479053.268295
20161216,031116,684181.81185,691117.88235,9999,0,-1300,353.62765,0,2020.2,0,0,0,2020.2,0,3.0705,4912.8,0,0,0,-130,692901.51,0,622808.51,70093,0,0,1,0,478927.268295
20161216,031116,691187.88235,691187.88235,9999,0,-1360,353.62765,0,0,0,0,0,0,0,0,0,0,0,0,0,692901.51,0,622808.51,70093,0,0,1,0,483831.517645
20161216,031116,684313.93915,691206.3834,9999,0,-1360,355.1266,0,1998.6,0,0,0,1998.6,0,3.04425,4870.8,0,0,0,20,692901.51,0,622808.51,70093,0,0,1,0,479033.757405
20161216,048783,1036709.14,1043696.34,9999,0,0,0,0,1986,4921.2,0,4921.2,1986,0,0,0,0,0,0,80,1043616.34,0,1036709.14,6907.2,0,0,1,0,725752.398
20161215,048783,1036862.14,1043811.34,9999,0,0,0,0,6949.2,0,0,0,6949.2,0,0,0,0,0,0,-455,1044266.34,0,1037317.14,6949.2,0,0,1,0,725803.498
20161215,048783,1036922.14,1043871.34,9999,0,0,0,0,6949.2,0,0,0,6949.2,0,0,0,0,0,0,-395,1044266.34,0,1037317.14,6949.2,0,0,1,0,725845.498
20161215,048783,1036892.14,1043841.34,9999,0,0,0,0,6949.2,0,0,0,6949.2,0,0,0,0,0,0,-425,1044266.34,0,1037317.14,6949.2,0,0,1,0,725824.498
20161215,048783,1038886.63385,1043819.83385,9999,0,-130,1.50615,0,4933.2,0,0,0,4933.2,0,0,0,0,0,0,-315,1044266.34,0,1037317.14,6949.2,0,0,1,0,727220.643695
20161215,048783,1038736.63385,1043669.83385,9999,0,-130,1.50615,0,4933.2,0,0,0,4933.2,0,0,0,0,0,0,-465,1044266.34,0,1037317.14,6949.2,0,0,1,0,727115.643695
20161215,048783,1038631.63385,1043564.83385,9999,0,-130,1.50615,0,4933.2,0,0,0,4933.2,0,0,0,0,0,0,-570,1044266.34,0,1037317.14,6949.2,0,0,1,0,727042.143695
20161215,048783,1038676.63385,1043609.83385,9999,0,-130,1.50615,0,4933.2,0,0,0,4933.2,0,0,0,0,0,0,-525,1044266.34,0,1037317.14,6949.2,0,0,1,0,727073.643695
20161219,048783,1043024.88,1043024.88,9999,0,0,0,0,0,0,0,0,0,0,0,0,0,0,0,0,1043024.88,0,1043024.88,0,0,0,1,0,1043024.88
20161219,048783,1011364.9515,1042324.9515,9999,0,2600,199.9285,0,28360,0,0,0,28360,0,0,0,0,0,0,-3100,1043024.88,0,1043024.88,0,0,0,1,0,709775.46605
20161219,048783,1014343.5415,1049903.5415,9999,0,3800,321.3385,0,28360,0,0,0,28360,0,0,0,0,0,0,3400,1043024.88,0,1043024.88,0,0,0,1,0,715080.47905
20161219,048783,1014343.5415,1049603.5415,9999,0,3800,321.3385,0,28360,0,0,0,28360,0,0,0,0,0,0,3100,1043024.88,0,1043024.88,0,0,0,1,0,714870.47905
20161219,048783,1014343.5415,1050103.5415,9999,0,3800,321.3385,0,28360,0,0,0,28360,0,0,0,0,0,0,3600,1043024.88,0,1043024.88,0,0,0,1,0,715220.47905
20161219,048783,1014343.5415,1050403.5415,9999,0,3800,321.3385,0,28360,0,0,0,28360,0,0,0,0,0,0,3900,1043024.88,0,1043024.88,0,0,0,1,0,715430.47905
20161220,048783,1032182.19,1045992.19,9999,0,0,0,0,13810,0,0,0,13810,0,0,0,0,0,0,-1800,1047792.19,0,1034072.19,13720,0,0,1,0,722527.533
20161221,048783,1052604.37,1052604.37,9999,0,0,0,0,0,0,0,0,0,0,0,0,0,0,0,0,1052604.37,0,1052604.37,0,0,0,1,0,1052604.37
20161220,048783,1024082.19,1037892.19,9999,0,0,0,0,13810,0,0,0,13810,0,0,0,0,0,0,-9900,1047792.19,0,1034072.19,13720,0,0,1,0,716857.533
20161220,048783,1024382.19,1038192.19,9999,0,0,0,0,13810,0,0,0,13810,0,0,0,0,0,0,-9600,1047792.19,0,1034072.19,13720,0,0,1,0,717067.533
20161220,048783,1025082.19,1038892.19,9999,0,0,0,0,13810,0,0,0,13810,0,0,0,0,0,0,-8900,1047792.19,0,1034072.19,13720,0,0,1,0,717557.533
20161222,048783,1037208.17,1037208.17,9999,0,0,0,0,0,0,0,0,0,0,0,0,0,0,0,0,1037208.17,0,1037208.17,0,0,0,1,0,1037208.17
20161223,048783,1035474.17,1035474.17,9999,0,0,0,0,0,0,0,0,0,0,0,0,0,0,0,0,1035474.17,0,1035474.17,0,0,0,1,0,1035474.17
20161226,048783,1021067.31,1021067.31,9999,0,0,0,0,0,0,0,0,0,0,0,0,0,0,0,0,1021067.31,0,1021067.31,0,0,0,1,0,1021067.31
20161222,048783,843015.939,1039070.939,9999,0,0,237.231,0,193955,0,0,0,193955,0,0,0,0,0,0,2100,1037208.17,0,1037208.17,0,0,0,1,0,591581.1573
20161222,048783,834005.939,1039640.939,9999,0,0,267.231,0,202935,0,0,0,202935,0,0,0,0,0,0,2700,1037208.17,0,1037208.17,0,0,0,1,0,585694.1573
20161222,048783,1036831.183,1038231.183,9999,0,1400,376.987,0,0,0,0,0,0,0,0,0,0,0,0,0,1037208.17,0,1037208.17,0,0,0,1,0,726761.8281
20161222,048783,963971.9845,1033454.9845,9999,0,-1700,953.1855,0,69483,0,0,0,69483,0,0,0,0,0,0,-1100,1037208.17,0,1037208.17,0,0,0,1,0,674780.38915
20161222,048783,979250.369,1030836.369,9999,0,-4800,1471.801,0,51586,0,0,0,51586,0,0,0,0,0,0,-100,1037208.17,0,1037208.17,0,0,0,1,0,685475.2583
20161226,048783,1016537.807,1016537.807,9999,0,-4400,129.503,0,0,0,0,0,0,0,0,0,0,0,0,0,1021067.31,0,1021067.31,0,0,0,1,0,711576.4649
20161226,048783,1006424.373,1021584.373,9999,0,2000,282.937,0,13160,0,0,0,13160,0,0,0,0,0,0,-1200,1021067.31,0,1021067.31,0,0,0,1,0,705897.0611
20161227,048783,1021454.37,1021454.37,9999,0,0,0,0,0,0,0,0,0,0,0,0,0,0,0,0,1021454.37,0,1021454.37,0,0,0,1,0,1021454.37
20161228,048783,1024483.99,1024483.99,9999,0,0,0,0,0,0,0,0,0,0,0,0,0,0,0,0,1024483.99,0,1024483.99,0,0,0,1,0,1024483.99
20161229,048783,1016595.91,1016595.91,9999,0,0,0,0,0,0,0,0,0,0,0,0,0,0,0,0,1016595.91,0,1016595.91,0,0,0,1,0,1016595.91
20161229,048783,936225.054,1004029.054,9999,0,-9800,566.856,0,67804,0,0,0,67804,0,0,0,0,0,0,-2200,1016595.91,0,1016595.91,0,0,0,1,0,655357.5378
20161229,048783,937225.054,1005029.054,9999,0,-9800,566.856,0,67804,0,0,0,67804,0,0,0,0,0,0,-1200,1016595.91,0,1016595.91,0,0,0,1,0,656057.5378
20161230,048783,1007421.05,1007421.05,9999,0,0,0,0,0,0,0,0,0,0,0,0,0,0,0,0,1007421.05,0,1007421.05,0,0,0,1,0,1007421.05
20161230,048783,938325.863,1000953.863,9999,0,-4400,1267.187,0,62628,0,0,0,62628,0,0,0,0,0,0,-800,1007421.05,0,1007421.05,0,0,0,1,0,656828.1041
20161230,048783,994439.677,994439.677,9999,0,-10600,2381.373,0,0,0,0,0,0,0,0,0,0,0,0,0,1007421.05,0,1007421.05,0,0,0,1,0,696107.7739
20170103,048783,1010883.07,1010883.07,9999,0,0,0,0,0,0,0,0,0,0,0,0,0,0,0,0,1010883.07,0,1010883.07,0,0,0,1,0,1010883.07
20170103,048783,879645.49,1012551.49,9999,0,-1800,531.58,0,128906,0,0,0,128906,0,0,0,0,0,0,4000,1010883.07,0,1010883.07,0,0,0,1,0,618551.843
20170103,048783,1010250.6,1011450.6,9999,0,1200,632.47,0,0,0,0,0,0,0,0,0,0,0,0,0,1010883.07,0,1010883.07,0,0,0,1,0,708015.42
20170104,048783,1015078.39,1015078.39,9999,0,0,0,0,0,0,0,0,0,0,0,0,0,0,0,0,1015078.39,0,1015078.39,0,0,0,1,0,1015078.39
20170104,048783,670325.91,1007795.91,9999,0,0,282.48,0,337470,0,0,0,337470,0,0,0,0,0,0,-7000,1015078.39,0,1015078.39,0,0,0,1,0,469228.137
20170104,048783,660325.91,997795.91,9999,0,0,282.48,0,337470,0,0,0,337470,0,0,0,0,0,0,-17000,1015078.39,0,1015078.39,0,0,0,1,0,462228.137
20170103,048783,993343.07,993343.07,9999,0,-16000,1540,0,0,0,0,0,0,0,0,0,0,0,0,0,1010883.07,0,1010883.07,0,0,0,1,0,695340.149
20170103,048783,303224.64,908274.64,9999,0,-4000,2608.43,0,605050,0,0,0,605050,0,0,0,0,0,0,-96000,1010883.07,0,1010883.07,0,0,0,1,0,212257.248
20170103,048783,637414.64,907974.64,9999,0,-79000,2908.43,0,270560,0,0,0,270560,0,0,0,0,0,0,-21000,1010883.07,0,1010883.07,0,0,0,1,0,446190.248
20170104,048783,32088.0650000001,1053398.065,9999,0,-72000,1680.325,0,909310,0,0,0,909310,0,0,0,0,0,0,112000,1015078.39,0,1015078.39,0,0,0,1,0,100861.6455
20170103,048783,636414.64,906974.64,9999,0,-79000,2908.43,0,270560,0,0,0,270560,0,0,0,0,0,0,-22000,1010883.07,0,1010883.07,0,0,0,1,0,445490.248
20170103,048783,638414.64,908974.64,9999,0,-79000,2908.43,0,270560,0,0,0,270560,0,0,0,0,0,0,-20000,1010883.07,0,1010883.07,0,0,0,1,0,446890.248
20170105,048783,26568.0600000001,935398.06,9999,0,0,0,0,908830,0,0,0,908830,0,0,0,0,0,0,0,935398.06,0,26568.06,908830,0,0,1,0,18597.642
20170105,048783,933877.29,1058877.29,9999,0,125000,1520.77,0,0,0,0,0,0,0,0,0,0,0,0,0,935398.06,0,26568.06,908830,0,0,1,0,741214.103
20170106,048783,1058225.47,1058225.47,9999,0,0,0,0,0,0,0,0,0,0,0,0,0,0,0,0,1058225.47,0,1058225.47,0,0,0,1,0,1058225.47
20170105,048783,26568.0600000001,1068398.06,9999,0,0,0,0,908830,0,0,0,908830,0,0,0,0,0,0,133000,935398.06,0,26568.06,908830,0,0,1,0,111697.642
20170105,048783,933680.4586,1061930.4586,9999,0,128250,1717.6014,0,0,0,0,0,0,0,0,0,0,0,0,0,935398.06,0,26568.06,908830,0,0,1,0,743351.32102
20170105,048783,884975.75315,1057073.75315,9999,0,124890,2594.30685,0,47208,0,0,0,47208,0,0,0,0,0,0,-620,935398.06,0,26568.06,908830,0,0,1,0,706906.027205
20170105,048783,913363.8921,1052488.8921,9999,0,119980,3309.1679,0,18725,0,0,0,18725,0,0,0,0,0,0,420,935398.06,0,26568.06,908830,0,0,1,0,723634.72447
20170109,048783,1050881.3,1050881.3,9999,0,0,0,0,0,0,0,0,0,0,0,0,0,0,0,0,1050881.3,0,1050881.3,0,0,0,1,0,1050881.3
20170109,048783,1034194.6907,1034194.6907,9999,0,-16470,216.6093,0,0,0,0,0,0,0,0,0,0,0,0,0,1050881.3,0,1050881.3,0,0,0,1,0,723936.28349
20170110,048783,1026023.28,1026023.28,9999,0,0,0,0,0,0,0,0,0,0,0,0,0,0,0,0,1026023.28,0,1026023.28,0,0,0,1,0,1026023.28
20170109,048783,901923.08515,1041783.08515,9999,0,-4300,358.21485,0,139860,0,0,0,139860,0,0,0,0,0,0,-4440,1050881.3,0,1050881.3,0,0,0,1,0,631346.159605
20170111,048783,1021574.97,1021574.97,9999,0,0,0,0,0,0
20170315,901200953,11025.96,11025.96,1080,0,0,0,0,0,0,0,0,0,0,0,0,0,0,0,0,11025.96,0,11025.96,0,0,0,1,0,11025.96
20170315,901200953,11601.436288,11601.436288,1080,0,600,24.523712,0,0,0,0,0,0,0,0,0,0,0,0,0,11025.96,0,11025.96,0,0,0,1,0,11001.436288
20170316,901200953,10970.73,10970.73,1080,0,0,0,0,0,0,0,0,0,0,0,0,0,0,0,0,10970.73,0,10970.73,0,0,0,1,0,10970.73
20170316,901200953,10666.20024,10666.20024,1080,0,-280,24.52976,0,0,0,0,0,0,0,0,0,0,0,0,0,10970.73,0,10970.73,0,0,0,1,0,10666.20024
20170317,901200953,10181.66,10181.66,1080,0,0,0,0,0,0,0,0,0,0,0,0,0,0,0,0,10181.66,0,10181.66,0,0,0,1,0,10181.66
20170317,901200953,10429.395376,10429.395376,1080,0,260,12.264624,0,0,0,0,0,0,0,0,0,0,0,0,0,10181.66,0,10181.66,0,0,0,1,0,10169.395376
20170317,901200953,10357.131872,10357.131872,1080,0,200,24.528128,0,0,0,0,0,0,0,0,0,0,0,0,0,10181.66,0,10181.66,0,0,0,1,0,10157.131872
20170317,901200953,4064.66584,10394.06584,1080,0,200,27.59416,0,6329.4,0,0,0,4027.8,0,0,0,0,0,0,40,10181.66,0,10181.66,0,0,0,1,0,2677.266088
20170317,901200953,10370.999792,10370.999792,1080,0,220,30.660208,0,0,0,0,0,0,0,0,0,0,0,0,0,10181.66,0,10181.66,0,0,0,1,0,10150.999792
20170320,901200953,10370.98,10370.98,1080,0,0,0,0,0,0,0,0,0,0,0,0,0,0,0,0,10370.98,0,10370.98,0,0,0,1,0,10370.98
20170316,048783,1014713.85,1014713.85,9999,0,0,0,0,0,0,0,0,0,0,0,0,0,0,0,0,1014713.85,0,1014713.85,0,0,0,1,0,1014713.85
20170320,901200953,10404.847328,10404.847328,1080,0,40,6.132672,0,0,0,0,0,0,0,0,0,0,0,0,0,10370.98,0,10370.98,0,0,0,1,0,10364.847328
20170321,901200953,10404.84,10404.84,1080,0,0,0,0,0,0,0,0,0,0,0,0,0,0,0,0,10404.84,0,10404.84,0,0,0,1,0,10404.84
20170321,901200953,10278.706784,10278.706784,1080,0,-120,6.133216,0,0,0,0,0,0,0,0,0,0,0,0,0,10404.84,0,10404.84,0,0,0,1,0,10278.706784
20170320,048783,1017889.49,1017889.49,9999,0,0,0,0,0,0,0,0,0,0,0,0,0,0,0,0,1017889.49,0,1017889.49,0,0,0,1,0,1017889.49
20170322,901200953,10492.58,10492.58,1080,0,0,0,0,0,0,0,0,0,0,0,0,0,0,0,0,10492.58,0,10492.58,0,0,0,1,0,10492.58
20170322,901200953,10106.246325,10106.246325,1080,0,-350,36.333675,0,0,0,0,0,0,0,0,0,0,0,0,0,10492.58,0,10492.58,0,0,0,1,0,10106.246325
20170323,901200953,11670.99,11670.99,1080,0,0,0,0,0,0,0,0,0,0,0,0,0,0,0,0,11670.99,0,11670.99,0,0,0,1,0,11670.99
20170323,901200953,11300.69976,11300.69976,1080,0,-300,70.29024,0,0,0,0,0,0,0,0,0,0,0,0,0,11670.99,0,11670.99,0,0,0,1,0,11300.69976
20170324,901200953,10680.52,10680.52,1080,0,0,0,0,0,0,0,0,0,0,0,0,0,0,0,0,10680.52,0,10680.52,0,0,0,1,0,10680.52
20170324,901200953,10160.726245,10160.726245,1080,0,-450,69.793755,0,0,0,0,0,0,0,0,0,0,0,0,0,10680.52,0,10680.52,0,0,0,1,0,10160.726245
20170327,901200953,10340.84,10340.84,1080,0,0,0,0,0,0,0,0,0,0,0,0,0,0,0,0,10340.84,0,10340.84,0,0,0,1,0,10340.84
20170323,048783,1034037.825,1034037.825,9999,0,-6000,52.515,0,0,0,0,0,0,0,0,0,0,0,0,0,1040090.34,0,1040090.34,0,0,0,1,0,723826.4775
20170327,901200953,10956.582535,10956.582535,1080,0,650,34.257465,0,0,0,0,0,0,0,0,0,0,0,0,0,10340.84,0,10340.84,0,0,0,1,0,10306.582535
20170324,048783,1026932.41,1026932.41,9999,0,0,0,0,0,0,0,0,0,0,0,0,0,0,0,0,1026932.41,0,1026932.41,0,0,0,1,0,1026932.41
20170328,901200953,10000.01,10000.01,1080,0,0,0,0,0,0,0,0,0,0,0,0,0,0,0,0,10000.01,0,10000.01,0,0,0,1,0,10000.01
20170328,901200953,9717.106585,9717.106585,1080,0,-250,32.903415,0,0,0,0,0,0,0,0,0,0,0,0,0,10000.01,0,10000.01,0,0,0,1,0,9717.106585
20170329,901200953,10934.03,10934.03,1080,0,0,0,0,0,0,0,0,0,0,0,0,0,0,0,0,10934.03,0,10934.03,0,0,0,1,0,10934.03
20170329,901200953,11166.80894,11166.80894,1080,0,300,67.22106,0,0,0,0,0,0,0,0,0,0,0,0,0,10934.03,0,10934.03,0,0,0,1,0,10866.80894
20170328,048783,993422.18,993422.18,9999,0,0,0,0,0,0,0,0,0,0,0,0,0,0,0,0,993422.18,0,993422.18,0,0,0,1,0,993422.18
20170330,901200953,10648.66,10648.66,1080,0,0,0,0,0,0,0,0,0,0,0,0,0,0,0,0,10648.66,0,10648.66,0,0,0,1,0,10648.66
20170330,901200953,10863.951185,10863.951185,1080,0,250,34.708815,0,0,0,0,0,0,0,0,0,0,0,0,0,10648.66,0,10648.66,0,0,0,1,0,10613.951185
20170331,901200953,10495.78,10495.78,1080,0,0,0,0,0,0,0,0,0,0,0,0,0,0,0,0,10495.78,0,10495.78,0,0,0,1,0,10495.78
20170405,901200953,11762.23,11762.23,1080,0,0,0,0,0,0,0,0,0,0,0,0,0,0,0,0,11762.23,0,11762.23,0,0,0,1,0,11762.23
20170331,048783,990171.11,990171.11,9999,0,0,0,0,0,0,0,0,0,0,0,0,0,0,0,0,990171.11,0,990171.11,0,0,0,1,0,990171.11
20170406,901200953,11828.44,11828.44,1080,0,0,0,0,0,0,0,0,0,0,0,0,0,0,0,0,11828.44,0,11828.44,0,0,0,1,0,11828.44
20170406,901200953,10559.98525,10559.98525,1080,0,-1200,68.45475,0,0,0,0,0,0,0,0,0,0,0,0,0,11828.44,0,11828.44,0,0,0,1,0,10559.98525
20170407,901200953,10000.11,10000.11,1080,0,0,0,0,0,0,0,0,0,0,0,0,0,0,0,0,10000.11,0,10000.11,0,0,0,1,0,10000.11
20170407,901200953,10617.417215,10617.417215,1080,0,650,32.692785,0,0,0,0,0,0,0,0,0,0,0,0,0,10000.11,0,10000.11,0,0,0,1,0,9967.417215
20170406,048783,1003587.06,1003587.06,9999,0,0,0,0,0,0,0,0,0,0,0,0,0,0,0,0,1003587.06,0,1003587.06,0,0,0,1,0,1003587.06
20170410,901200953,10885.61,10885.61,1080,0,0,0,0,0,0,0,0,0,0,0,0,0,0,0,0,10885.61,0,10885.61,0,0,0,1,0,10885.61
20170410,901200953,10353.80487,10353.80487,1080,0,-500,31.80513,0,0,0,0,0,0,0,0,0,0,0,0,0,10885.61,0,10885.61,0,0,0,1,0,10353.80487
20170411,901200953,10222.53,10222.53,1080,0,0,0,0,0,0,0,0,0,0,0,0,0,0,0,0,10222.53,0,10222.53,0,0,0,1,0,10222.53
20170411,901200953,10091.02577,10091.02577,1080,0,-100,31.50423,0,0,0,0,0,0,0,0,0,0,0,0,0,10222.53,0,10222.53,0,0,0,1,0,10091.02577
20170412,901200953,9999.99,9999.99,1080,0,0,0,0,0,0,0,0,0,0,0,0,0,0,0,0,9999.99,0,9999.99,0,0,0,1,0,9999.99
20170412,901200953,10269.11766,10269.11766,1080,0,300,30.87234,0,0,0,0,0,0,0,0,0,0,0,0,0,9999.99,0,9999.99,0,0,0,1,0,9969.11766
20170413,901200953,10288.68,10288.68,1080,0,0,0,0,0,0,0,0,0,0,0,0,0,0,0,0,10288.68,0,10288.68,0,0,0,1,0,10288.68
20170413,901200953,9608.605045,9608.605045,1080,0,-650,30.074955,0,0,0,0,0,0,0,0,0,0,0,0,0,10288.68,0,10288.68,0,0,0,1,0,9608.605045
20170412,048783,994193.22,994193.22,9999,0,0,0,0,0,0,0,0,0,0,0,0,0,0,0,0,994193.22,0,994193.22,0,0,0,1,0,994193.22
20170414,901200953,9999.99,9999.99,1080,0,0,0,0,0,0,0,0,0,0,0,0,0,0,0,0,9999.99,0,9999.99,0,0,0,1,0,9999.99
20170414,901200953,10068.90703,10068.90703,1080,0,100,31.08297,0,0,0,0,0,0,0,0,0,0,0,0,0,9999.99,0,9999.99,0,0,0,1,0,9968.90703
20170414,901200953,10188.320545,10188.320545,1080,0,250,61.669455,0,0,0,0,0,0,0,0,0,0,0,0,0,9999.99,0,9999.99,0,0,0,1,0,9938.320545
20170417,901200953,10188.31,10188.31,1080,0,0,0,0,0,0,0,0,0,0,0,0,0,0,0,0,10188.31,0,10188.31,0,0,0,1,0,10188.31
20170418,901200953,10017.75,10017.75,1080,0,0,0,0,0,0,0,0,0,0,0,0,0,0,0,0,10017.75,0,10017.75,0,0,0,1,0,10017.75
20170418,901200953,9994.28634,9994.28634,1080,0,0,23.46366,0,0,0,0,0,0,0,0,0,0,0,0,0,10017.75,0,10017.75,0,0,0,1,0,9994.28634
20170419,901200953,10375.76,10375.76,1080,0,0,0,0,0,0,0,0,0,0,0,0,0,0,0,0,10375.76,0,10375.76,0,0,0,1,0,10375.76
20170419,901200953,10403.006995,10403.006995,1080,0,50,22.753005,0,0,0,0,0,0,0,0,0,0,0,0,0,10375.76,0,10375.76,0,0,0,1,0,10353.006995
20170420,901200953,10256.95,10256.95,1080,0,0,0,0,0,0,0,0,0,0,0,0,0,0,0,0,10256.95,0,10256.95,0,0,0,1,0,10256.95
20170420,901200953,9810.40812,9810.40812,1080,0,-400,46.54188,0,0,0,0,0,0,0,0,0,0,0,0,0,10256.95,0,10256.95,0,0,0,1,0,9810.40812
20170420,901200953,9487.089,9487.089,1080,0,-700,69.861,0,0,0,0,0,0,0,0,0,0,0,0,0,10256.95,0,10256.95,0,0,0,1,0,9487.089
20170420,901200953,9714.095095,9714.095095,1080,0,-450,92.854905,0,0,0,0,0,0,0,0,0,0,0,0,0,10256.95,0,10256.95,0,0,0,1,0,9714.095095
20170427,048783,980854.12,980854.12,9999,0,0,0,0,0,0,0,0,0,0,0,0,0,0,0,0,980854.12,0,980854.12,0,0,0,1,0,980854.12
20170511,901200953,8844.49,8844.49,1080,0,0,0,0,0,0,0,0,0,0,0,0,0,0,0,0,8844.49,0,8844.49,0,0,0,1,0,8844.49
20170511,901200953,8553.33344,8553.33344,1080,0,-200,91.15656,0,0,0,0,0,0,0,0,0,0,0,0,0,8844.49,0,8844.49,0,0,0,1,0,8553.33344
20170512,901200953,9331.35,9331.35,1080,0,0,0,0,0,0,0,0,0,0,0,0,0,0,0,0,9331.35,0,9331.35,0,0,0,1,0,9331.35
20170512,901200953,9322.17412,9322.17412,1080,0,100,109.17588,0,0,0,0,0,0,0,0,0,0,0,0,0,9331.35,0,9331.35,0,0,0,1,0,9222.17412
20170515,901200953,8878.59,8878.59,1080,0,0,0,0,0,0,0,0,0,0,0,0,0,0,0,0,8878.59,0,8878.59,0,0,0,1,0,8878.59
20170515,901200953,9435.32436,9435.32436,1080,0,600,43.26564,0,0,0,0,0,0,0,0,0,0,0,0,0,8878.59,0,8878.59,0,0,0,1,0,8835.32436
20170516,901200953,9563.47,9563.47,1080,0,0,0,0,0,0,0,0,0,0,0,0,0,0,0,0,9563.47,0,9563.47,0,0,0,1,0,9563.47
20170516,901200953,9569.493705,9569.493705,1080,0,50,43.976295,0,0,0,0,0,0,0,0,0,0,0,0,0,9563.47,0,9563.47,0,0,0,1,0,9519.493705
20170517,901200953,9569.5,9569.5,1080,0,0,0,0,0,0,0,0,0,0,0,0,0,0,0,0,9569.5,0,9569.5,0,0,0,1,0,9569.5
20170517,901200953,9574.222845,9574.222845,1080,0,50,45.277155,0,0,0,0,0,0,0,0,0,0,0,0,0,9569.5,0,9569.5,0,0,0,1,0,9524.222845
20170518,901200953,8628.3,8628.3,1080,0,0,0,0,0,0,0,0,0,0,0,0,0,0,0,0,8628.3,0,8628.3,0,0,0,1,0,8628.3
20170519,901200953,9160.41675,9160.41675,1080,0,300,22.28325,0,0,0,0,0,0,0,0,0,0,0,0,0,8882.7,0,8882.7,0,0,0,1,0,8860.41675
20170522,901200953,9237.07,9237.07,1080,0,0,0,0,0,0,0,0,0,0,0,0,0,0,0,0,9237.07,0,9237.07,0,0,0,1,0,9237.07
20170522,901200953,10000.0004335,10000.0004335,1080,0,-1615,125.0395665,0,0,0,2502.97,0,0,0,0,0,0,0,0,0,9237.07,0,9237.07,0,0,0,1,0,10000.0004335
20170523,901200953,20076.18,20076.18,1080,0,0,0,0,0,0,10500,0,0,0,0,0,0,0,0,0,9576.18,0,9576.18,0,0,0,1,0,20076.18
20170524,901200953,20229.93,20229.93,1080,0,0,0,0,0,0,0,0,0,0,0,0,0,0,0,0,20229.93,0,20229.93,0,0,0,1,0,20229.93
20170524,901200953,20384.25536,20384.25536,1080,0,200,45.67464,0,0,0,0,0,0,0,0,0,0,0,0,0,20229.93,0,20229.93,0,0,0,1,0,20184.25536
20170524,901200953,21339.39978,21339.39978,1080,0,1200,90.53022,0,0,0,0,0,0,0,0,0,0,0,0,0,20229.93,0,20229.93,0,0,0,1,0,20139.39978
20170525,901200953,21339.4,21339.4,1080,0,0,0,0,0,0,0,0,0,0,0,0,0,0,0,0,21339.4,0,21339.4,0,0,0,1,0,21339.4
20170526,901200953,20356.15,20356.15,1080,0,0,0,0,0,0,0,0,0,0,0,0,0,0,0,0,20356.15,0,20356.15,0,0,0,1,0,20356.15
20170531,901200953,18151.62,18151.62,1080,0,0,0,0,0,0,0,0,0,0,0,0,0,0,0,0,18151.62,0,18151.62,0,0,0,1,0,18151.62
20170601,901200953,19372.23,19372.23,1080,0,0,0,0,0,0,0,0,0,0,0,0,0,0,0,0,19372.23,0,19372.23,0,0,0,1,0,19372.23
20170602,901200953,19431.69,19431.69,1080,0,0,0,0,0,0,0,0,0,0,0,0,0,0,0,0,19431.69,0,19431.69,0,0,0,1,0,19431.69
20170602,901200953,18990.83336,18990.83336,1080,0,-400,40.85664,0,0,0,0,0,0,0,0,0,0,0,0,0,19431.69,0,19431.69,0,0,0,1,0,18990.83336
20170605,901200953,19749.68,19749.68,1080,0,0,0,0,0,0,0,0,0,0,0,0,0,0,0,0,19749.68,0,19749.68,0,0,0,1,0,19749.68
20170605,901200953,19807.83567,19807.83567,1080,0,100,41.84433,0,0,0,0,0,0,0,0,0,0,0,0,0,19749.68,0,19749.68,0,0,0,1,0,19707.83567
20170609,901200953,19266.985781,19266.985781,1080,0,210,84.444219,0,0,0,0,0,0,0,0,0,0,0,0,0,19141.43,0,19141.43,0,0,0,1,0,19056.985781
20170608,048783,913432.87,913432.87,9999,0,0,0,0,0,0,0,0,0,0,0,0,0,0,0,0,913432.87,0,913432.87,0,0,0,1,0,913432.87
20170612,901200953,19266.99,19266.99,1080,0,0,0,0,0,0,0,0,0,0,0,0,0,0,0,0,19266.99,0,19266.99,0,0,0,1,0,19266.99
20170608,048783,913360.816,913360.816,9999,0,-60,12.054,0,0,0,0,0,0,0,0,0,0,0,0,0,913432.87,0,913432.87,0,0,0,1,0,639352.5712
20170609,048783,908317.21,908317.21,9999,0,0,0,0,0,0,0,0,0,0,0,0,0,0,0,0,908317.21,0,908317.21,0,0,0,1,0,908317.21
20170612,901200953,19334.724596,19334.724596,1080,0,80,12.265404,0,0,0,0,0,0,0,0,0,0,0,0,0,19266.99,0,19266.99,0,0,0,1,0,19254.724596
20170612,901200953,18948.266228,18948.266228,1080,0,-160,158.723772,0,0,0,0,0,0,0,0,0,0,0,0,0,19266.99,0,19266.99,0,0,0,1,0,18948.266228
20170613,901200953,18948.26,18948.26,1080,0,0,0,0,0,0,0,0,0,0,0,0,0,0,0,0,18948.26,0,18948.26,0,0,0,1,0,18948.26
20170613,901200953,18537.980336,18537.980336,1080,0,-300,110.279664,0,0,0,0,0,0,0,0,0,0,0,0,0,18948.26,0,18948.26,0,0,0,1,0,18537.980336
20170613,901200953,18464.956988,18464.956988,1080,0,-299.999999999986,183.303012,0,0,0,0,0,0,0,0,0,0,0,0,0,18948.26,0,18948.26,0,0,0,1,0,18464.956988
20170613,901200953,18146.90396,18146.90396,1080,0,-599.999999999986,201.35604,0,0,0,0,0,0,0,0,0,0,0,0,0,18948.26,0,18948.26,0,0,0,1,0,18146.90396
20170614,901200953,20042.01,20042.01,1080,0,0,0,0,0,0,0,0,0,0,0,0,0,0,0,0,20042.01,0,20042.01,0,0,0,1,0,20042.01
20170613,048783,903739.49,903739.49,9999,0,0,0,0,0,0,0,0,0,0,0,0,0,0,0,0,903739.49,0,903739.49,0,0,0,1,0,903739.49
20170615,901200953,19068.53,19068.53,1080,0,0,0,0,0,0,0,0,0,0,0,0,0,0,0,0,19068.53,0,19068.53,0,0,0,1,0,19068.53
20170615,901200953,18933.784275,18933.784275,1080,0,-110.000000000018,24.745725,0,0,0,0,0,0,0,0,0,0,0,0,0,19068.53,0,19068.53,0,0,0,1,0,18933.784275
20170616,901200953,18741.24,18741.24,1080,0,0,0,0,0,0,0,0,0,0,0,0,0,0,0,0,18741.24,0,18741.24,0,0,0,1,0,18741.24
20170614,048783,904223.74,904223.74,9999,0,0,0,0,0,0,0,0,0,0,0,0,0,0,0,0,904223.74,0,904223.74,0,0,0,1,0,904223.74
20170616,901200953,18278.670887,18278.670887,1080,0,-450,12.569113,0,0,0,0,0,0,0,0,0,0,0,0,0,18741.24,0,18741.24,0,0,0,1,0,18278.670887
20170619,901200953,18403.6,18403.6,1080,0,0,0,0,0,0,0,0,0,0,0,0,0,0,0,0,18403.6,0,18403.6,0,0,0,1,0,18403.6
20170616,048783,899275.49,899275.49,9999,0,0,0,0,0,0,0,0,0,0,0,0,0,0,0,0,899275.49,0,899275.49,0,0,0,1,0,899275.49
20170619,901200953,18238.46581,18238.46581,1080,0,-140.000000000009,25.13419,0,0,0,0,0,0,0,0,0,0,0,0,0,18403.6,0,18403.6,0,0,0,1,0,18238.46581
20170619,901200953,18259.351314,18259.351314,1080,0,-100.000000000014,44.248686,0,0,0,0,0,0,0,0,0,0,0,0,0,18403.6,0,18403.6,0,0,0,1,0,18259.351314
20170620,901200953,18259.36,18259.36,1080,0,0,0,0,0,0,0,0,0,0,0,0,0,0,0,0,18259.36,0,18259.36,0,0,0,1,0,18259.36
20170620,901200953,18306.67687,18306.67687,1080,0,59.9999999999955,12.68313,0,0,0,0,0,0,0,0,0,0,0,0,0,18259.36,0,18259.36,0,0,0,1,0,18246.67687
20170619,048783,894489.27,894489.27,9999,0,0,0,0,0,0,0,0,0,0,0,0,0,0,0,0,894489.27,0,894489.27,0,0,0,1,0,894489.27
20170621,901200953,18544.07,18544.07,1080,0,0,0,0,0,0,0,0,0,0,0,0,0,0,0,0,18544.07,0,18544.07,0,0,0,1,0,18544.07
20170621,901200953,18787.863641,18787.863641,1080,0,250,6.206359,0,0,0,0,0,0,0,0,0,0,0,0,0,18544.07,0,18544.07,0,0,0,1,0,18537.863641
20170621,901200953,14848.408389,18787.863641,1080,0,250,6.206359,0,0,0,0,0,0,0,3.055252,3936.4,0,0,0,0,18544.07,0,18544.07,0,0,0,1,0,10218.8858723
20170621,901200953,14491.478689,18787.863641,1080,0,250,6.206359,0,0,0,0,0,0,0,6.384952,4290,0,0,0,0,18544.07,0,18544.07,0,0,0,1,0,9969.0350823
20170621,901200953,15014.937541,18787.863641,1080,0,250,6.206359,0,0,0,0,0,0,0,2.9261,3770,0,0,0,0,18544.07,0,18544.07,0,0,0,1,0,10335.4562787
20170622,901200953,18801.69,18801.69,1080,0,0,0,0,0,0,0,0,0,0,0,0,0,0,0,0,18801.69,0,18801.69,0,0,0,1,0,18801.69
20170622,901200953,18815.42411,18815.42411,1080,0,20.0000000000045,6.26589,0,0,0,0,0,0,0,0,0,0,0,0,0,18801.69,0,18801.69,0,0,0,1,0,18795.42411
20170623,901200953,18786.71,18786.71,1080,0,0,0,0,0,0,0,0,0,0,0,0,0,0,0,0,18786.71,0,18786.71,0,0,0,1,0,18786.71
20170623,901200953,18382.003626,18382.003626,1080,0,-380,24.706374,0,0,0,0,0,0,0,0,0,0,0,0,0,18786.71,0,18786.71,0,0,0,1,0,18382.003626
20170626,901200953,18469.61,18469.61,1080,0,0,0,0,0,0,0,0,0,0,0,0,0,0,0,0,18469.61,0,18469.61,0,0,0,1,0,18469.61
20170623,048783,864801.87,895671.87,9999,0,0,0,0,30870,0,0,0,30870,0,0,0,0,0,0,-800,896471.87,0,865601.87,30870,0,0,1,0,605361.309
20170623,048783,895741.07,895741.07,9999,0,-700,30.8,0,0,0,0,0,0,0,0,0,0,0,0,0,896471.87,0,865601.87,30870,0,0,1,0,627018.749
20170626,901200953,18497.011626,18497.011626,1080,0,40,12.598374,0,0,0,0,0,0,0,0,0,0,0,0,0,18469.61,0,18469.61,0,0,0,1,0,18457.011626
20170627,901200953,18441.8,18441.8,1080,0,0,0,0,0,0,0,0,0,0,0,0,0,0,0,0,18441.8,0,18441.8,0,0,0,1,0,18441.8
20170628,901200953,18286.14,18286.14,1080,0,0,0,0,0,0,0,0,0,0,0,0,0,0,0,0,18286.14,0,18286.14,0,0,0,1,0,18286.14
20170628,901200953,18482.995757,18482.995757,1080,0,210,13.144243,0,0,0,0,0,0,0,0,0,0,0,0,0,18286.14,0,18286.14,0,0,0,1,0,18272.995757
20170629,901200953,18346.63,18346.63,1080,0,0,0,0,0,0,0,0,0,0,0,0,0,0,0,0,18346.63,0,18346.63,0,0,0,1,0,18346.63
20170629,901200953,18196.794069,18196.794069,1080,0,-130,19.835931,0,0,0,0,0,0,0,0,0,0,0,0,0,18346.63,0,18346.63,0,0,0,1,0,18196.794069
20170630,901200953,18240.18,18240.18,1080,0,0,0,0,0,0,0,0,0,0,0,0,0,0,0,0,18240.18,0,18240.18,0,0,0,1,0,18240.18
20170630,901200953,18363.531699,18363.531699,1080,0,130.000000000005,6.648301,0,0,0,0,0,0,0,0,0,0,0,0,0,18240.18,0,18240.18,0,0,0,1,0,18233.531699
20170703,901200953,18050.26,18050.26,1080,0,0,0,0,0,0,0,0,0,0,0,0,0,0,0,0,18050.26,0,18050.26,0,0,0,1,0,18050.26
20170703,901200953,17829.595282,17829.595282,1080,0,-179.999999999977,40.664718,0,0,0,0,0,0,0,0,0,0,0,0,0,18050.26,0,18050.26,0,0,0,1,0,17829.595282
20170703,901200953,17839.063141,17839.063141,1080,0,-149.999999999977,61.196859,0,0,0,0,0,0,0,0,0,0,0,0,0,18050.26,0,18050.26,0,0,0,1,0,17839.063141
20170630,048783,897100.77,897100.77,9999,0,0,0,0,0,0,0,0,0,0,0,0,0,0,0,0,897100.77,0,897100.77,0,0,0,1,0,897100.77
20170704,901200953,17405.23,17405.23,1080,0,0,0,0,0,0,0,0,0,0,0,0,0,0,0,0,17405.23,0,17405.23,0,0,0,1,0,17405.23
20170704,901200953,17448.325413,17448.325413,1080,0,50,6.904587,0,0,0,0,0,0,0,0,0,0,0,0,0,17405.23,0,17405.23,0,0,0,1,0,17398.325413
20170704,901200953,17217.859866,17217.859866,1080,0,-160,27.370134,0,0,0,0,0,0,0,0,0,0,0,0,0,17405.23,0,17405.23,0,0,0,1,0,17217.859866
20170705,901200953,17247.39,17247.39,1080,0,0,0,0,0,0,0,0,0,0,0,0,0,0,0,0,17247.39,0,17247.39,0,0,0,1,0,17247.39
20170705,901200953,17303.604033,17303.604033,1080,0,70,13.785967,0,0,0,0,0,0,0,0,0,0,0,0,0,17247.39,0,17247.39,0,0,0,1,0,17233.604033
20170706,901200953,17422.82,17422.82,1080,0,0,0,0,0,0,0,0,0,0,0,0,0,0,0,0,17422.82,0,17422.82,0,0,0,1,0,17422.82
20170706,901200953,7115.202094,17342.202094,1080,0,80,20.617906,0,10227,0,0,0,7499.8,0,0,0,0,0,0,-140,17422.82,0,17422.82,0,0,0,1,0,4924.6414658
20170706,901200953,16431.803141,16431.803141,1080,0,-950.000000000005,41.016859,0,0,0,0,0,0,0,0,0,0,0,0,0,17422.82,0,17422.82,0,0,0,1,0,16431.803141
20170707,901200953,19441.02,19441.02,1080,0,0,0,0,0,0,0,0,0,0,0,0,0,0,0,0,19441.02,0,19441.02,0,0,0,1,0,19441.02
20170707,901200953,19897.867116,19897.867116,1080,0,600,143.152884,0,0,0,0,0,0,0,0,0,0,0,0,0,19441.02,0,19441.02,0,0,0,1,0,19297.867116
20170710,901200953,19689.65,19689.65,1080,0,0,0,0,0,0,0,0,0,0,0,0,0,0,0,0,19689.65,0,19689.65,0,0,0,1,0,19689.65
20170710,901200953,18826.61939,18826.61939,1080,0,-780.000000000014,83.03061,0,0,0,0,0,0,0,0,0,0,0,0,0,19689.65,0,19689.65,0,0,0,1,0,18826.61939
20170710,901200953,17759.783258,17759.783258,1080,0,-1680.00000000003,249.866742,0,0,0,0,0,0,0,0,0,0,0,0,0,19689.65,0,19689.65,0,0,0,1,0,17759.783258
20170711,901200953,17358.1,17358.1,1080,0,0,0,0,0,0,0,0,0,0,0,0,0,0,0,0,17358.1,0,17358.1,0,0,0,1,0,17358.1
20170711,901200953,17367.234889,17367.234889,1080,0,30.0000000000136,20.865111,0,0,0,0,0,0,0,0,0,0,0,0,0,17358.1,0,17358.1,0,0,0,1,0,17337.234889
20170711,901200953,17145.062725,17145.062725,1080,0,-149.999999999986,63.037275,0,0,0,0,0,0,0,0,0,0,0,0,0,17358.1,0,17358.1,0,0,0,1,0,17145.062725
20170712,901200953,17145.06,17145.06,1080,0,0,0,0,0,0,0,0,0,0,0,0,0,0,0,0,17145.06,0,17145.06,0,0,0,1,0,17145.06
20170712,901200953,17123.307978,17123.307978,1080,0,0,21.752022,0,0,0,0,0,0,0,0,0,0,0,0,0,17145.06,0,17145.06,0,0,0,1,0,17123.307978
20170713,901200953,17176.06,17176.06,1080,0,0,0,0,0,0,0,0,0,0,0,0,0,0,0,0,17176.06,0,17176.06,0,0,0,1,0,17176.06
20170714,901200953,17124.21,17124.21,1080,0,0,0,0,0,0,0,0,0,0,0,0,0,0,0,0,17124.21,0,17124.21,0,0,0,1,0,17124.21
20170717,901200953,17199.77,17199.77,1080,0,0,0,0,0,0,0,0,0,0,0,0,0,0,0,0,17199.77,0,17199.77,0,0,0,1,0,17199.77
20170718,901200953,17242.44,17242.44,1080,0,0,0,0,0,0,0,0,0,0,0,0,0,0,0,0,17242.44,0,17242.44,0,0,0,1,0,17242.44
20170719,901200953,17370.74,17370.74,1080,0,0,0,0,0,0,0,0,0,0,0,0,0,0,0,0,17370.74,0,17370.74,0,0,0,1,0,17370.74
20170720,901200953,17370.74,17370.74,1080,0,0,0,0,0,0,0,0,0,0,0,0,0,0,0,0,17370.74,0,17370.74,0,0,0,1,0,17370.74
20170721,901200953,17370.74,17370.74,1080,0,0,0,0,0,0,0,0,0,0,0,0,0,0,0,0,17370.74,0,17370.74,0,0,0,1,0,17370.74
20170724,901200953,17352.33,17352.33,1080,0,0,0,0,0,0,0,0,0,0,0,0,0,0,0,0,17352.33,0,17352.33,0,0,0,1,0,17352.33
20170724,901200953,17395.237739,17395.237739,1080,0,50.0000000000045,7.092261,0,0,0,0,0,0,0,0,0,0,0,0,0,17352.33,0,17352.33,0,0,0,1,0,17345.237739
20170725,901200953,17395.24,17395.24,1080,0,0,0,0,0,0,0,0,0,0,0,0,0,0,0,0,17395.24,0,17395.24,0,0,0,1,0,17395.24
20170725,901200953,17411.094829,17411.094829,1080,0,30,14.145171,0,0,0,0,0,0,0,0,0,0,0,0,0,17395.24,0,17395.24,0,0,0,1,0,17381.094829
20170726,901200953,17442.3,17442.3,1080,0,0,0,0,0,0,0,0,0,0,0,0,0,0,0,0,17442.3,0,17442.3,0,0,0,1,0,17442.3
20170727,901200953,17597.88,17597.88,1080,0,0,0,0,0,0,0,0,0,0,0,0,0,0,0,0,17597.88,0,17597.88,0,0,0,1,0,17597.88
20170727,901200953,17631.867781,17631.867781,1080,0,70.0000000000091,36.012219,0,0,0,0,0,0,0,0,0,0,0,0,0,17597.88,0,17597.88,0,0,0,1,0,17561.867781
20170728,901200953,17631.86,17631.86,1080,0,0,0,0,0,0,0,0,0,0,0,0,0,0,0,0,17631.86,0,17631.86,0,0,0,1,0,17631.86
20170731,901200953,17750.37,17750.37,1080,0,0,0,0,0,0,0,0,0,0,0,0,0,0,0,0,17750.37,0,17750.37,0,0,0,1,0,17750.37
20170801,901200953,17740.39,17740.39,1080,0,0,0,0,0,0,0,0,0,0,0,0,0,0,0,0,17740.39,0,17740.39,0,0,0,1,0,17740.39
20170801,901200953,17762.849743,17762.849743,1080,0,30,7.540257,0,0,0,0,0,0,0,0,0,0,0,0,0,17740.39,0,17740.39,0,0,0,1,0,17732.849743
20170802,901200953,17883.06,17883.06,1080,0,0,0,0,0,0,0,0,0,0,0,0,0,0,0,0,17883.06,0,17883.06,0,0,0,1,0,17883.06
20170802,901200953,18045.690676,18045.690676,1080,0,200.000000000005,37.369324,0,0,0,0,0,0,0,0,0,0,0,0,0,17883.06,0,17883.06,0,0,0,1,0,17845.690676
20170803,901200953,18025.38,18025.38,1080,0,0,0,0,0,0,0,0,0,0,0,0,0,0,0,0,18025.38,0,18025.38,0,0,0,1,0,18025.38
20170803,901200953,18030.37617,18030.37617,1080,0,20,15.00383,0,0,0,0,0,0,0,0,0,0,0,0,0,18025.38,0,18025.38,0,0,0,1,0,18010.37617
20170804,901200953,18030.38,18030.38,1080,0,0,0,0,0,0,0,0,0,0,0,0,0,0,0,0,18030.38,0,18030.38,0,0,0,1,0,18030.38
20170804,901200953,17464.076393,17464.076393,1080,0,-490.000000000027,76.303607,0,0,0,0,0,0,0,0,0,0,0,0,0,18030.38,0,18030.38,0,0,0,1,0,17464.076393
20170807,901200953,17464.06,17464.06,1080,0,0,0,0,0,0,0,0,0,0,0,0,0,0,0,0,17464.06,0,17464.06,0,0,0,1,0,17464.06
20170804,048783,890707.13,890707.13,9999,0,0,0,0,0,0,0,0,0,0,0,0,0,0,0,0,890707.13,0,890707.13,0,0,0,1,0,890707.13
20170804,048783,886937.24,890683.24,9999,0,0,3.89,0,3746,0,0,0,3746,0,0,0,0,0,0,-20,890707.13,0,890707.13,0,0,0,1,0,709549.792
20170804,048783,890659.346,890659.346,9999,0,-40,7.784,0,0,0,0,0,0,0,0,0,0,0,0,0,890707.13,0,890707.13,0,0,0,1,0,712527.4768
20170804,048783,879349.67,890587.67,9999,0,-40,19.46,0,11238,0,0,0,11238,0,0,0,0,0,0,-60,890707.13,0,890707.13,0,0,0,1,0,703479.736
20170804,048783,879254.708,890492.708,9999,0,-130,54.422,0,11238,0,0,0,11238,0,0,0,0,0,0,-30,890707.13,0,890707.13,0,0,0,1,0,703403.7664
20170804,048783,864183.491,890405.491,9999,0,-130,81.639,0,26222,0,0,0,26222,0,0,0,0,0,0,-90,890707.13,0,890707.13,0,0,0,1,0,691346.7928
